domain,files,rows,attack_rows,benign_rows,attack_percent
Android-Ransomware,1,60000,16909.0,43091.0,28.18166666666667
Cloud-AWS,2,119804,119804.0,0.0,100.0
Host-BETH,7,61554,61554.0,0.0,100.0
IoT-CTU,12,404706,299703.0,105003.0,74.05449882136662
Network-IDS,3,57216,43767.0,13449.0,76.49433724832215
SOC-GUIDE,2,119998,68801.0,51197.0,57.335122252037536
